id,has_removable_step,step_removed,rest_kept
M0009,0,1,1
M0010,1,1,1
M0011,1,1,0
M0012,1,1,0
M0013,1,1,1
M0014,1,1,1
M0015,1,1,1
M0016,1,1,1
M0017,1,1,0
M0018,1,1,0
M0019,1,1,1
M0021,1,1,0
M0022,1,1,0
M0023,1,1,1
M0024,1,1,0
M0025,1,1,0
M0026,1,1,0
M0027,1,1,0
M0028,1,1,0
M0029,1,1,0
M0030,1,1,0
M0031,1,1,0
M0032,1,1,0
M0033,1,1,1
M0034,1,1,0
M0035,1,1,0
M0036,1,1,0
M0037,1,1,0
M0038,1,1,0
M0039,1,1,0
M0040,1,1,0
M0042,1,1,0
M0043,1,1,1
M0044,1,1,0
M0046,1,1,0
M0047,1,1,0
M0049,1,1,0
M0050,1,1,0
M0051,1,1,1
M0052,1,1,1
M0053,1,1,1
M0054,1,1,0
M0055,1,1,1
M0067,1,1,0
M0068,1,1,1
M0069,1,1,1
M0070,0,1,1
M0071,1,1,1
M0073,1,1,1
M0079,1,1,1
M0081,0,1,1
M0088,1,1,1
M0089,0,1,1
M0090,1,1,1
M0091,1,1,1
M0093,0,1,1
M0096,0,1,0
M0097,0,1,1
M0098,0,1,1
M0099,0,1,0
M0101,0,1,0
M0109,0,1,1
M0110,0,1,1
M0111,0,1,1
M0112,1,1,1
M0115,1,1,1
M0120,0,1,0
M0121,0,1,0
M0126,1,1,1
M0127,1,1,1
M0134,0,1,1
M0137,1,1,1
M0141,1,1,1
M0142,1,1,1
M0143,1,1,0
M0144,1,1,1
M0145,1,1,0
M0147,1,1,0
M0149,1,1,1
M0155,1,1,0
M0156,1,1,0
M0189,1,1,1
M0190,1,1,1
M0193,1,1,0
M0194,1,1,0
M0195,1,1,0
M0198,1,1,0
M0200,1,1,1
M0201,1,1,1
M0207,1,1,1
M0208,1,1,1
M0209,1,1,1
M0213,1,1,0
M0219,1,1,1
M0220,1,1,0
M0221,1,1,1
M0228,1,1,0
M0257,1,1,1
M0258,1,1,1
M0264,1,1,1
M0270,1,1,1
M0272,1,1,1
M0274,1,1,1
M0275,1,1,1
M0279,1,1,1
M0286,1,1,1
M0291,1,0,1
M0292,1,0,0
M0299,1,1,1
M0302,1,1,1
M0311,1,1,1
M0312,1,1,1
M0313,1,1,1
M0314,1,1,1
M0315,1,1,1
M0316,1,1,1
M0317,1,1,1
M0318,1,1,1
M0319,1,1,1
M0322,1,1,1
M0323,1,1,1
M0324,1,1,1
M0325,1,1,1
M0326,1,1,1
M0328,1,1,1
M0330,1,1,1
M0332,1,1,1
M0334,1,1,1
M0336,1,1,1
M0337,1,1,0
M0338,1,1,1
M0339,1,1,1
M0340,1,1,1
M0341,1,1,0
M0345,1,1,0
M0346,1,1,0
M0347,1,1,0
M0348,1,1,0
M0349,1,1,0
M0350,1,1,0
M0351,1,1,0
M0352,1,1,0
M0353,1,1,0
M0355,1,1,0
M0356,1,1,0
M0358,1,1,0
M0359,1,1,0
M0362,1,1,1
M0363,1,1,1
M0364,1,1,1
M0365,1,1,1
M0367,1,1,1
M0373,1,1,1
M0376,1,1,1
M0415,1,1,1
M0416,1,1,1
M0417,1,1,1
M0418,1,1,1
M0426,0,1,1
M0428,0,1,1
M0436,0,1,0
M0446,0,1,0
M0447,0,1,1
M0448,0,1,1
M0449,0,1,1
M0450,0,1,1
M0458,1,1,1
M0459,1,1,1
M0480,0,1,1
M0481,0,1,1
M0483,1,1,1
M0485,0,1,1
M0488,1,1,1
M0495,1,1,1
M0504,1,1,0
M0505,1,1,1
M0506,1,1,0
M0507,1,1,1
M0525,0,1,0
M0534,1,1,0
M0536,1,1,0
M0537,1,1,0
M0541,1,1,1
M0542,1,1,0
M0544,1,1,0
M0546,1,1,1
M0547,1,1,0
M0549,1,1,0
M0551,1,1,0
M0553,1,1,1
M0554,1,1,0
M0555,1,1,0
M0556,1,1,0
M0557,1,1,0
M0560,1,1,0
M0562,1,1,0
M0563,0,1,0
M0594,1,1,1
M0596,1,1,1
M0597,0,1,1
M0624,0,1,1
M0632,0,1,1
M0634,1,1,1
M0635,0,1,1
M0637,1,1,1
M0638,0,1,1
M0640,1,1,1
M0641,0,1,1
M0643,1,1,1
M0644,0,1,1
M0646,1,1,1
M0647,0,1,1
M0649,1,1,1
M0650,0,1,1
M0652,1,1,1
M0653,0,1,1
M0655,1,1,1
M0656,0,1,1
M0658,1,1,1
M0659,0,1,1
M0664,1,1,1
M0665,0,1,1
M0666,0,1,1
M0671,0,1,1
M0684,0,1,1
M0685,0,1,1
M0688,1,1,1
M0689,1,1,0
M0690,1,1,1
M0691,1,1,1
M0719,1,1,0
M0720,1,1,1
M0722,1,1,1
M0723,1,1,1
M0725,1,1,1
M0726,1,1,1
M0727,1,1,1
M0728,1,1,1
M0729,1,1,1
M0730,1,1,1
M0732,1,1,0
M0734,1,1,1
M0735,1,1,1
M0737,1,1,1
M0738,1,1,1
M0758,0,1,0
M0759,1,1,1
M0761,1,1,1
M0763,1,1,0
M0765,1,1,1
M0767,1,1,1
M0768,1,1,1
M0769,1,1,1
M0770,1,1,0
M0771,1,1,0
M0773,1,1,1
M0774,1,1,1
M0775,1,1,1
M0785,1,1,1
M0802,0,1,0
M0815,1,1,1
M0816,1,1,1
M0817,1,1,0
M0818,1,1,0
M0819,1,1,0
M0820,1,1,0
M0821,1,1,0
M0831,1,1,1
M0836,1,1,1
M0837,1,1,1
M0838,1,1,1
M0842,1,1,1
M0843,1,1,1
M0852,1,1,1
M0855,0,1,1
M0856,1,1,1
M0861,1,1,1
M0863,0,1,1
M0864,0,1,1
M0865,1,1,0
M0866,0,1,1
M0870,1,1,1
M0872,1,1,1
M0873,1,1,1
M0877,1,1,1
M0878,1,1,1
M0879,1,1,1
M0882,1,1,1
M0901,1,1,0
M0913,0,1,1
M0914,0,1,1
M0915,0,1,1
M0916,0,1,1
M0944,1,1,1
M0945,1,1,1
M0946,1,1,1
M0956,1,1,1
M0957,1,1,1
M0958,1,1,1
M0962,1,1,1
M0980,1,1,1
M0981,1,1,1
M0986,1,1,1
M0992,1,1,1
M0995,1,1,1
M0996,0,1,1
M0997,1,1,1
M0998,1,1,1
M1000,1,1,1
M1001,1,1,0
M1002,1,1,1
M1003,1,1,1
M1007,1,1,1
M1014,1,1,1
M1017,1,1,1
M1020,1,1,1
M1022,1,1,1
M1023,1,1,1
M1024,1,1,1
M1032,1,1,1
M1041,1,1,1
M1042,1,1,1
M1048,1,1,1
M1049,0,1,1
M1061,1,1,0
M1063,1,1,0
M1066,1,1,0
M1069,1,1,0
M1070,1,1,1
M1071,1,1,1
M1072,1,1,1
M1073,1,1,1
M1074,1,1,1
M1075,1,1,1
M1076,1,1,0
M1077,1,1,1
M1078,1,0,1
M1079,1,1,1
M1080,1,1,1
M1081,1,1,0
M1082,1,1,1
M1083,1,0,1
M1084,1,1,1
M1085,1,1,1
M1086,1,1,1
M1087,1,1,1
M1088,1,0,1
M1089,1,1,1
M1090,1,0,1
M1091,1,1,1
M1092,1,0,1
M1093,1,1,1
M1094,1,1,1
M1095,1,1,1
M1096,1,1,1
M1097,1,1,1
M1098,1,1,0
M1099,1,1,1
M1106,0,1,1
M1107,0,1,1
M1117,1,1,1
M1118,1,1,1
M1120,1,1,1
M1121,1,1,1
M1125,1,1,1
M1126,1,1,1
M1132,0,1,1
M1133,0,1,1
M1134,1,1,1
M1136,0,1,1
M1139,1,1,1
M1143,0,1,1
M1144,1,1,0
M1145,1,1,1
M1146,1,1,1
M1164,1,1,1
M1165,1,1,1
M1166,1,1,1
M1167,1,1,0
M1168,1,1,1
M1169,1,1,1
M1170,1,1,1
M1171,1,1,0
M1172,1,1,1
M1173,1,1,1
M1174,1,1,1
M1175,1,1,1
M1177,1,1,1
M1178,1,1,1
M1179,1,1,1
M1180,1,1,1
M1181,1,1,1
M1182,1,1,1
M1183,1,1,1
M1184,1,1,1
M1187,1,1,1
M1188,1,1,1
M1189,1,1,1
M1190,1,1,1
M1191,1,1,1
M1192,1,1,1
M1193,1,1,1
M1224,1,1,1
M1243,1,1,0
M1257,1,1,1
M1261,1,1,1
M1262,1,1,1
M1265,1,1,1
M1269,1,1,1
M1303,1,1,1
M1307,0,1,1
M1315,1,1,0
M1318,1,1,1
M1320,0,1,1
M1357,0,1,1
M1362,0,1,1
M1367,0,1,1
M1382,1,1,0
M1383,1,1,0
M1384,1,1,0
M1385,1,1,1
M1387,1,1,1
M1388,1,1,0
M1389,1,1,0
M1395,1,1,0
M1401,1,1,0
M1402,1,1,0
M1403,1,1,1
M1405,1,1,0
M1411,1,1,1
M1412,1,1,1
M1413,1,1,1
M1415,1,1,1
M1416,1,1,1
M1423,1,1,0
M1425,1,1,1
M1445,1,1,1
M1446,1,1,1
M1450,1,1,1
M1451,1,1,1
M1452,1,1,1
M1453,1,1,0
M1454,1,1,1
M1457,1,1,1
M1459,0,1,1
M1463,1,1,0
M1464,0,1,0
M1465,1,1,1
M1466,1,1,1
M1469,1,1,1
M1470,1,0,1
M1480,0,1,1
M1504,1,1,1
M1506,1,1,1
M1529,1,0,1
M1543,0,1,1
M1544,0,1,1
M1545,0,1,1
M1547,1,1,1
M1560,1,1,1
M1561,1,1,1
M1563,1,1,1
M1585,1,1,1
M1586,1,1,1
M1587,1,1,1
M1588,1,1,1
M1589,1,1,1
M1590,1,1,1
M1591,1,1,1
M1592,1,1,0
M1593,1,1,1
M1594,1,1,1
M1595,1,1,1
M1596,1,1,0
M1597,1,1,1
M1598,1,1,1
M1599,1,1,1
M1600,1,1,1
M1601,1,1,0
M1602,1,1,1
M1605,1,1,1
M1608,0,1,1
M1610,1,1,1
M1612,1,1,0
M1623,1,1,1
M1625,1,1,1
M1633,0,1,0
M1634,0,1,1
M1636,1,1,0
M1639,1,1,1
M1640,1,1,1
M1641,0,1,0
M1659,1,1,1
M1688,1,1,1
M1690,1,1,1
M1700,1,1,0
M1704,1,1,0
M1705,1,1,1
M1712,0,1,1
M1713,0,1,1
M1714,1,1,1
M1715,0,1,1
M1716,0,1,1
M1717,0,1,1
M1718,1,1,1
M1721,1,1,0
M1723,1,1,1
M1725,0,1,1
M1726,0,1,0
M1727,0,1,1
M1728,0,1,0
M1729,1,1,1
M1730,1,1,1
M1731,0,1,1
M1732,1,1,1
M1737,1,1,0
M1738,1,1,1
M1739,0,1,0
M1742,1,1,1
M1743,0,1,0
M1774,1,1,1
M1778,1,1,1
M1780,1,1,1
M1781,1,1,1
M1782,1,1,1
M1783,1,1,1
M1784,1,1,1
M1788,1,1,0
M1799,1,1,0
M1803,1,1,0
M1815,1,1,0
M1818,1,1,0
M1820,1,1,0
M1828,1,1,1
M1829,1,1,1
M1830,1,1,1
M1831,1,1,0
M1834,1,1,1
M1836,1,0,1
M1838,1,1,1
M1842,1,1,1
M1844,1,1,1
M1846,1,1,1
M1848,1,1,1
M1850,1,1,1
M1852,1,1,1
M1853,1,1,1
M1855,1,1,1
M1856,1,1,1
M1873,1,1,0
M1920,1,1,0
M1921,1,1,1
M1928,1,1,1
M1929,1,1,1
M1932,1,1,0
M1947,1,1,1
M1948,1,1,1
M1949,1,1,1
M1962,1,1,1
M1968,1,1,1
M1971,1,1,1
M1974,1,1,1
M1980,1,1,1
M1984,1,1,0
M2003,1,1,1
M2006,1,1,1
M2015,1,1,1
M2018,1,1,1
M2022,1,1,1
M2026,1,1,1
M2027,1,1,1
M2029,1,1,1
M2030,1,1,1
M2031,1,1,1
M2032,1,1,1
M2036,1,1,1
M2044,1,1,1
M2054,1,1,0
M2099,1,1,0
M2103,1,1,1
M2106,1,1,1
M2107,1,1,1
M2108,1,1,1
M2124,1,1,1
M2125,1,1,1
M2128,1,1,1
M2129,1,1,1
M2155,0,1,1
M2168,1,1,1
M2169,1,1,1
M2170,1,1,0
M2175,1,1,1
M2176,1,1,1
M2177,1,1,1
M2178,1,1,1
M2181,1,1,1
M2182,1,1,1
M2186,1,1,1
M2189,1,1,1
M2194,1,1,1
M2195,1,1,1
M2198,1,1,0
M2199,1,1,0
M2200,1,1,0
M2201,1,1,0
M2202,1,1,0
M2203,1,1,0
M2204,1,1,0
M2205,1,1,0
M2206,1,1,0
M2207,1,1,1
M2208,1,1,0
M2209,1,1,0
M2210,1,1,0
M2211,1,1,0
M2212,1,1,0
M2213,1,1,0
M2214,1,1,1
M2215,1,1,0
M2216,1,1,0
M2217,1,1,0
M2218,1,1,1
M2219,1,1,0
M2220,1,1,0
M2221,1,1,0
M2222,1,1,1
M2223,1,1,0
M2224,1,1,1
M2225,1,1,1
M2226,1,1,0
M2227,1,1,0
M2228,1,1,1
M2289,1,1,1
M2291,0,1,1
M2292,0,1,0
M2293,1,1,1
M2294,1,1,1
M2296,1,1,1
M2297,1,1,1
M2298,1,1,1
M2299,1,1,1
M2301,0,1,1
M2302,0,1,1
M2303,0,1,1
M2304,0,1,1
M2306,1,1,1
M2307,1,1,1
M2309,0,1,1
M2310,0,1,1
M2313,0,1,1
M2320,1,1,0
M2321,1,1,1
M2331,1,1,0
M2336,1,1,0
M2337,1,1,0
M2338,1,1,0
M2339,1,1,0
M2340,1,1,0
M2341,1,1,0
M2342,1,1,1
M2343,1,1,0
M2344,1,1,1
M2345,1,1,0
M2346,1,1,1
M2347,1,1,0
M2348,1,1,1
M2349,1,1,1
M2350,1,1,1
M2352,1,1,1
M2353,1,1,1
M2354,1,1,1
M2355,1,1,1
M2356,1,1,1
M2357,1,1,1
M2358,1,1,1
M2359,1,1,1
M2360,1,1,1
M2361,1,1,1
M2362,1,1,1
M2363,1,1,1
M2364,1,1,0
M2365,1,1,1
M2366,1,1,1
M2367,1,1,1
M2368,1,1,1
M2369,1,1,1
M2370,1,1,1
M2371,1,1,1
M2373,1,1,1
M2374,1,1,1
M2375,1,1,1
M2378,1,1,1
M2379,1,1,1
M2380,1,1,1
M2382,1,1,1
M2383,1,1,1
M2387,0,1,0
M2388,0,1,1
M2393,0,1,1
M2396,0,1,0
M2399,0,1,0
M2401,0,1,0
M2404,1,1,0
M2410,1,1,0
M2413,1,1,0
M2414,1,1,0
M2415,1,1,0
M2418,1,1,0
M2419,1,1,0
M2444,1,1,1
M2445,1,1,1
M2448,1,1,1
M2449,1,1,1
M2450,1,1,1
M2453,1,1,1
M2454,1,1,1
M2455,1,1,0
M2456,1,1,0
M2457,1,1,0
M2458,1,1,0
M2459,0,1,0
M2460,0,1,0
M2461,0,1,0
M2462,0,1,0
M2463,1,1,1
M2464,1,1,1
M2465,1,1,1
M2466,1,1,1
M2467,1,1,1
M2473,1,1,1
M2474,1,1,1
M2475,1,1,1
M2476,1,1,1
M2477,1,1,1
M2478,1,1,0
M2479,1,1,1
M2481,1,1,1
M2484,1,1,1
M2487,1,1,1
M2488,1,1,1
M2489,1,1,1
M2490,1,1,0
M2491,0,1,1
M2492,0,1,1
M2498,1,1,1
M2504,1,1,1
M2506,1,1,0
M2507,1,1,1
M2508,1,1,0
M2510,1,1,1
M2514,1,1,1
M2516,1,1,0
M2517,1,1,0
M2518,1,1,0
M2519,1,1,0
M2520,1,1,0
M2521,1,1,0
M2522,1,1,0
M2523,1,1,0
M2524,1,1,0
M2533,1,1,1
M2534,1,0,1
M2535,1,1,1
M2536,1,1,1
M2540,1,1,1
M2541,1,1,1
M2546,1,1,1
M2547,1,1,0
M2548,1,1,1
M2549,1,1,1
M2550,1,1,1
M2551,1,1,1
M2552,1,1,1
M2554,1,1,1
M2555,1,1,1
M2556,1,1,1
M2557,1,1,1
M2560,1,1,1
M2561,1,1,1
M2562,1,1,1
M2564,1,1,0
M2565,1,1,0
M2566,1,1,1
M2567,1,1,1
M2568,1,1,1
M2569,1,1,1
M2571,1,1,1
M2572,1,1,1
M2575,1,1,1
M2577,1,1,1
M2579,1,1,1
M2587,1,1,1
M2588,1,1,1
M2591,0,1,1
M2593,1,1,1
M2622,1,1,1
M2636,0,1,1
M2638,0,1,1
M2639,0,1,1
M2640,0,1,1
M2641,0,1,1
M2642,0,1,1
M2643,0,1,1
M2648,1,1,1
M2649,1,1,1
M2650,0,1,1
M2651,1,1,1
M2652,0,1,0
M2653,1,1,1
M2654,1,1,1
M2655,1,1,1
M2656,1,1,1
M2657,0,1,0
M2658,1,1,1
M2660,0,1,0
M2661,0,1,0
M2662,1,1,0
M2663,1,1,0
M2664,1,1,1
M2665,1,1,1
M2684,1,1,0
M2712,0,1,1
M2713,0,1,1
M2714,0,1,1
M2715,0,1,1
M2722,1,1,1
M2741,0,1,1
M2743,0,1,1
M2744,0,1,1
M2746,0,1,1
M2748,0,1,1
M2749,0,1,1
M2751,0,1,1
M2752,0,1,1
M2754,0,1,1
M2757,0,1,1
M2758,0,1,1
M2759,0,1,1
M2762,0,1,1
M2763,0,1,1
M2764,0,1,1
M2765,0,1,1
M2768,0,1,1
M2774,0,1,1
M2787,0,1,1
M2793,0,1,0
M2794,0,1,1
M2795,0,1,1
M2801,0,1,1
M2807,1,1,1
M2812,0,1,1
M2815,0,1,1
M2818,0,1,1
M2819,0,1,1
M2820,0,1,1
M2821,0,1,1
M2822,1,1,1
M2823,1,1,1
M2824,1,1,1
M2825,1,1,1
M2826,1,1,1
M2827,1,1,1
M2828,1,1,0
M2829,1,1,1
M2830,1,1,1
M2831,1,1,1
M2832,1,1,1
M2833,1,1,1
M2834,1,1,1
M2835,1,1,1
M2836,1,1,1
M2837,1,1,1
M2838,1,1,1
M2839,1,1,0
M2840,1,1,1
M2841,1,1,1
M2842,1,1,0
M2843,1,1,0
M2844,1,0,1
M2845,1,1,1
M2846,1,1,1
M2847,1,1,1
M2848,1,1,0
M2849,1,1,1
M2850,1,1,1
M2851,1,1,1
M2852,0,1,1
M2853,0,1,1
M2854,0,1,0
M2855,0,1,0
M2856,0,1,1
M2857,0,1,1
M2858,0,1,0
M2859,0,1,1
M2860,0,1,1
M2861,0,1,1
M2862,0,1,0
M2863,0,1,1
M2864,0,1,1
M2865,0,1,1
M2866,0,1,1
M2867,0,1,0
M2868,0,1,1
M2877,0,1,1
M2886,1,1,1
M2887,1,1,0
M2888,1,1,0
M2889,1,1,0
M2890,1,1,0
M2891,1,1,0
M2892,1,1,1
M2893,1,1,0
M2894,1,1,1
M2895,1,1,1
M2896,1,1,1
M2897,1,1,0
M2898,1,1,1
M2899,1,1,1
M2900,1,1,1
M2901,1,1,1
M2902,1,1,1
M2903,1,1,1
M2904,1,1,1
M2905,1,1,1
M2906,1,1,1
M2907,1,1,1
M2908,1,1,0
M2909,1,1,0
M2910,1,1,1
M2911,1,1,1
M2912,0,1,1
M2916,1,1,1
M2917,1,1,0
M2927,1,1,1
M2930,1,1,1
M2935,1,1,1
M2938,1,1,1
M2940,1,1,1
M2975,0,1,1
M2977,0,1,1
M2979,0,1,1
M2981,0,1,1
M2984,0,1,1
M2985,1,1,1
M2987,0,1,1
M2988,0,1,1
M2991,1,1,1
M2993,1,1,1
M2995,1,1,1
all (949 cases),764,937,696
has_removable_step (764 cases),764,752,548
step_is_cause (185 cases),0,185,148
